YearsExperience,Salary
5.8,57255.91
8.5,65785.36
8.6,65429.75
3.4,50269.42
5.7,56629.38
14.0,81611.6
4.9,54555.44
12.6,77944.83
6.1,58653.83
10.2,70413.91
5.1,54995.9
5.2,55813.9
2.6,47360.35
13.9,81860.13
12.1,76309.06
14.9,85104.8
5.7,57433.27
5.4,56013.35
4.6,54284.6
14.8,84553.45
2.4,46908.42
3.7,50940.12
10.1,70616.97
4.4,52857.8
9.1,67062.96
4.5,53666.13
13.9,81765.23
11.1,72875.76
2.5,47651.39
8.7,66046.83
8.6,65736.67
14.9,84311.85
14.8,84099.43
11.4,74628.32
12.0,75875.59
2.1,46430.5
6.8,60431.9
14.1,81938.28
10.1,70550.18
11.5,74155.2
7.8,63480.11
6.9,60443.42
5.7,57543.33
6.4,59514.98
1.7,44820.16
12.3,76513.24
14.6,83956.71
12.2,76368.09
4.5,53222.31
9.7,69204.71
3.9,51933.29
13.1,79080.36
7.5,62828.65
5.8,57296.5
5.0,54531.97
10.2,70131.73
6.8,60806.36
13.8,81191.17
3.2,49464.98
6.5,59460.7
1.5,44745.74
2.9,48741.87
3.0,49014.05
1.2,44083.16
4.4,52887.1
7.6,62405.42
1.8,45767.53
9.5,68076.11
13.3,80276.68
12.7,78458.9
12.2,76996.41
14.9,84720.53
1.3,44081.69
1.5,44494.23
1.4,44592.11
5.5,56480.28
6.1,58520.04
11.2,73430.93
15.0,84904.19
10.6,71570.74
14.2,82765.08
7.9,64052.49
7.4,62565.46
11.7,75114.95
13.6,80905.51
2.8,48372.14
5.9,58100.71
2.6,48045.23
1.2,43747.73
14.5,83694.57
10.2,70595.98
3.1,49146.2
13.7,81071.81
14.1,82374.87
3.6,50357.99
6.7,60069.53
2.5,47164.16
5.3,55776.18
7.0,60932.51
12.5,77180.34
9.5,68423.34
8.9,66919.21
11.5,74397.89
4.3,53341.08
12.7,78312.67
5.2,55896.01
2.1,46265.88
6.3,58440.63
6.0,58220.47
14.8,84497.2
2.8,48645.23
11.3,73501.09
9.1,67656.49
4.8,54368.5
14.5,83473.34
6.9,60348.84
4.6,53922.01
4.4,53533.36
7.3,61768.14
13.7,81148.93
14.5,83472.53
6.4,59565.94
9.4,68620.61
1.4,43997.3
10.8,72820.76
4.6,53628.32
5.9,58143.5
10.5,71660.5
13.8,81115.68
9.2,67410.45
7.9,64119.55
3.1,49497.46
6.5,59338.52
5.2,56029.82
12.0,75982.42
3.0,49116.03
4.7,53980.33
14.5,83578.13
13.8,81631.33
9.8,69777.23
9.7,69272.78
5.4,56543.29
11.9,76186.39
9.1,67187.22
7.1,61471.21
9.6,68821.69
4.9,54534.23
9.4,67919.42
13.5,80581.75
1.5,44663.89
5.2,55734.37
5.4,56655.16
9.1,67754.99
8.6,65792.96
14.1,82538.61
3.5,50403.4
11.9,75554.63
13.7,80623.66
11.1,72885.76
7.2,61412.45
11.7,75444.97
7.8,63550.63
9.7,68877.91
11.1,72960.19
7.2,62007.87
10.8,72500.37
6.0,58355.64
8.3,64795.3
3.6,51084.81
10.2,70412.45
2.4,46808.98
2.3,46567.44
4.2,52439.42
12.1,76008.95
3.8,51213.19
8.3,64682.42
10.6,72232.35
3.5,50356.35
14.9,84305.46
2.7,47954.0
6.3,58853.76
1.1,43231.52
12.4,77065.93
8.5,65477.16
10.5,71282.45
2.5,47978.8
10.5,71000.5
12.1,76370.64
10.3,70803.18
11.3,74261.11
10.9,72663.35
13.0,79343.2
6.9,60807.23
6.6,59362.89
4.8,54418.82
14.2,82967.04
2.7,47798.61
6.8,60809.18
4.7,54450.48
8.4,64711.07
2.1,46552.11
8.3,65178.61
3.9,51724.46
5.4,56341.17
8.1,63824.42
11.0,73204.85
8.5,65375.2
1.6,44986.46
2.4,46928.31
13.0,78810.37
11.2,73763.02
11.7,75118.16
10.6,71451.66
10.3,70855.07
4.8,54743.66
9.7,69524.69
8.3,64641.37
5.9,57678.38
8.6,65633.68
5.5,56114.83
1.7,45010.97
13.8,80967.28
3.8,51843.67
7.2,61451.9
1.1,43431.62
7.2,61398.63
7.2,61285.16
4.3,53027.82
6.0,58360.16
6.8,60180.97
5.5,56762.35
13.3,80017.12
11.0,73090.8
4.0,52007.89
6.8,60786.25
14.5,83775.94
4.0,52407.91
14.3,83275.51
12.5,77451.78
14.5,83211.31
6.2,58113.96
9.3,67832.8
4.5,53609.79
12.6,77407.18
12.4,77173.99
8.9,66859.34
6.0,58005.37
8.1,64086.38
3.6,50920.57
5.7,57526.43
9.7,68622.14
10.4,71466.54
5.9,57464.38
10.0,70124.48
10.2,70778.26
6.4,58954.99
9.4,68679.79
2.4,46825.63
12.8,78403.45
13.4,79891.31
4.2,52781.42
6.6,59742.11
6.3,59143.7
6.3,58729.09
2.6,47750.78
3.9,51360.37
5.5,56309.55
9.4,68209.64
8.2,64393.97
7.6,63092.84
9.8,69001.13
4.5,53891.97
14.1,81904.84
9.9,69687.37
3.1,49707.9
5.2,55433.55
14.0,81999.91
7.3,61956.38
10.2,70638.55
5.9,58002.54
14.0,81562.76
6.4,59033.09
9.9,70123.05
1.4,44202.81
14.5,83442.89
9.5,68015.36
1.5,44296.69
11.4,74672.76
12.9,78836.9
8.4,64960.98
11.6,74894.77
10.5,71970.06
13.4,79933.05
11.7,74978.09
9.1,67136.77
3.2,49258.56
11.7,75388.05
5.1,55532.34
7.7,63535.37
2.3,46869.91
14.0,82405.05
11.3,73770.67
14.3,82867.05
13.2,79762.01
11.0,73078.73
9.6,68550.55
8.3,65116.78
11.6,75137.7
7.2,61617.4
12.6,77785.53
11.2,73537.39
14.7,83903.71
13.7,80990.66
12.6,77659.59
3.3,49763.35
10.7,71812.36
13.2,79446.3
13.6,80469.34
13.4,80355.59
13.1,79304.03
12.0,76395.33
11.4,74581.24
2.6,48011.72
14.2,82253.0
1.8,45085.38
3.0,48655.1
7.2,61880.16
4.1,51965.9
6.9,60378.86
1.3,43821.06
5.4,56665.39
9.1,67221.54
1.0,42699.57
6.4,59354.25
6.7,59890.1
1.7,45094.51
13.2,79899.78
11.0,73303.67
6.5,59258.98
7.1,61589.42
11.2,73425.16
14.3,82792.39
9.8,69648.95
1.7,45183.76
11.8,74985.62
4.6,53726.4
5.6,56495.19
8.4,64947.73
8.5,65696.42
13.0,78713.56
3.2,49657.05
9.9,69511.02
7.6,62310.23
12.6,78084.7
12.3,77089.1
3.9,52122.31
3.3,50320.18
2.9,48822.93
1.2,43383.92
6.2,58743.47
7.4,61807.16
10.2,70316.97
13.5,80366.32
2.0,46035.02
4.5,53640.23
9.0,66841.32
2.8,48551.35
2.5,47054.26
9.6,68608.34
8.5,65221.51
1.2,43292.33
2.0,45518.41
7.6,63095.38
6.0,57822.23
10.9,72912.41
1.2,43584.96
4.2,52376.23
14.6,84238.06
12.2,76296.73
9.7,69083.88
3.2,49933.69
11.8,75520.18
7.1,61036.68
10.0,69733.63
10.1,70423.29
13.3,80219.1
7.0,60661.99
6.5,59138.19
9.8,69260.14
1.5,44467.88
9.9,70064.29
3.3,50378.19
3.7,51591.23
2.3,46621.26
8.9,66850.22
7.0,60546.66
7.9,63898.97
7.2,61794.49
5.1,55217.08
14.2,83076.15
5.2,56068.56
11.7,74682.18
9.3,68067.82
6.5,59704.11
9.7,69472.41
5.8,57380.78
10.6,72281.23
11.4,74078.34
9.0,67288.63
14.1,82153.48
13.5,80130.95
7.2,61429.93
3.9,51322.05
2.3,46650.41
1.8,45365.94
5.5,56653.4
2.7,48562.38
1.7,44610.08
13.8,81577.51
8.1,63809.26
10.0,70021.61
13.2,79853.46
6.8,60461.15
5.9,57916.21
11.0,72701.08
10.5,71302.32
11.4,74149.83
4.6,53497.2
8.7,65985.31
11.0,72697.53
6.4,59029.48
12.6,77742.14
3.9,52042.22
12.1,75866.0
12.8,78116.31
7.2,61591.99
12.6,77688.03
4.5,53741.67
13.0,79451.79
7.2,61321.59
2.4,47692.09
11.8,75472.02
11.2,73635.39
8.6,66161.89
1.8,44929.75
13.7,81521.12
8.8,66645.93
5.4,55934.86
4.7,54060.83
2.8,48034.9
2.2,46511.88
1.2,43857.12
3.0,49079.76
9.8,69028.01
14.0,82056.14
11.2,73846.57
6.3,59000.46
5.3,55828.3
1.6,45148.72
13.3,80334.32
13.1,79211.7
10.3,71256.88
1.6,45113.32
4.3,53232.36
4.7,53821.31
7.8,63598.03
8.8,66726.96
4.1,52437.27
7.0,60802.21
4.5,53175.78
10.8,72424.08
11.7,74718.27
14.8,84789.86
2.3,46705.79
8.1,64547.84
7.4,62002.66
12.4,76746.79
11.0,73004.51
13.6,81141.46
14.7,83949.31
4.2,52660.17
15.0,84881.5
4.2,52238.77
3.2,50058.27
7.0,60538.64
11.9,75667.45
7.4,62142.68
5.9,57731.02
3.7,51236.4
4.9,54939.9
10.1,70268.57
13.7,81422.22
4.9,54359.84
10.9,73144.58
5.6,56679.84
5.9,57607.39
4.0,51578.32
2.8,48352.58
13.7,80989.33
6.8,59987.41
9.5,68204.94
10.9,73089.59
6.6,59645.17
6.5,59273.05
7.3,61904.47
11.3,74223.66
3.9,51328.18
1.3,43869.34
4.3,52649.15
10.8,72196.99
3.0,48756.03
11.7,74785.68
13.7,81358.26
14.2,82484.37
7.3,61757.4
10.8,72394.8
3.5,50453.5
9.0,67364.58
1.1,42843.31
14.0,81751.31
2.4,47396.66
6.0,58099.63
4.7,54131.88
3.0,49176.03
15.0,84586.07
12.4,76918.66
11.1,73241.49
4.9,54801.51
10.3,70912.24
11.9,76057.69
11.0,72506.85
1.8,45380.08
2.9,48624.03
11.5,74445.66
8.5,65631.41
14.5,83617.43
2.9,48832.34
1.4,44612.81
13.4,80498.86
11.7,74891.21
12.3,76779.8
1.9,45889.75
7.2,61547.78
3.8,51654.93
2.1,46633.4
12.0,76272.91
14.9,84255.36
9.7,69547.57
1.8,45573.78
10.0,69715.46
1.0,43326.14
7.9,63961.03
6.8,60484.11
13.1,78996.33
9.9,69469.58
11.6,74912.57
5.4,56195.04
2.4,47368.88
10.0,70490.65
2.8,48465.43
14.7,84052.43
7.9,64053.41
4.7,54597.71
12.0,75726.67
4.0,51592.46
13.0,79422.17
4.3,52665.13
2.6,47486.49
9.6,69133.08
3.2,50073.67
6.8,59949.62
11.7,75399.94
14.8,84309.86
14.8,83941.36
12.3,76988.14
10.2,70551.51
11.6,75145.66
10.1,70569.4
8.3,64835.29
5.1,55104.52
4.7,54128.32
14.7,83764.78
3.1,49721.92
2.2,46739.15
2.5,47108.59
14.4,83092.78
6.1,58546.83
14.6,84193.23
8.0,64493.97
5.4,55808.02
3.3,49829.11
3.8,51377.21
8.6,65387.98
13.5,80461.98
4.1,52228.87
5.3,56362.07
4.6,53942.93
13.2,79744.92
1.2,43192.62
6.1,58385.09
9.5,68717.22
5.2,55702.68
9.6,68749.22
5.7,56954.49
5.0,54871.84
11.0,72727.34
3.9,51818.62
4.1,52451.07
9.1,67757.54
4.4,53686.53
14.5,83826.73
8.1,64450.88
13.1,79397.93
6.7,59696.66
6.2,58228.99
2.0,45973.14
12.3,76822.24
7.7,62727.42
14.3,83318.03
6.4,58940.71
8.2,64261.22
11.4,73747.03
5.2,55682.54
9.3,68200.02
4.6,53741.06
10.9,73171.61
6.5,59389.27
13.1,79254.07
2.1,46654.36
5.3,55812.34
8.1,64574.18
9.7,69280.18
6.2,58839.14
7.1,61608.14
11.1,73404.41
8.7,66117.22
7.5,62207.52
9.7,69279.49
10.1,70283.96
13.6,80594.96
6.1,58535.83
2.5,47499.73
6.7,59933.84
12.6,77304.32
1.5,44011.92
10.0,70097.1
7.7,63475.84
12.0,76273.88
7.9,63376.93
1.4,44481.82
5.5,56124.46
14.6,84041.85
12.5,77816.87
4.1,52691.5
5.8,57332.63
9.4,68646.9
9.9,69955.68
4.3,53356.91
4.6,54202.65
7.4,62262.31
13.5,80743.01
4.8,54563.96
15.0,85112.23
10.4,71052.68
7.0,60527.69
8.7,66099.87
5.7,57314.99
2.2,46514.76
9.1,66847.92
2.7,47786.41
4.2,52871.63
8.9,66594.17
5.7,57302.73
4.8,54073.47
3.0,49400.74
8.6,65366.24
9.0,67194.54
7.6,62557.21
5.6,56429.8
14.2,82368.94
6.0,58073.89
6.6,59821.93
2.4,47119.66
13.9,81687.35
8.2,65022.29
14.6,83758.34
13.5,80310.93
15.0,85491.27
12.8,78380.7
4.5,53111.3
14.3,82633.22
6.5,59085.64
11.7,75559.32
13.1,79531.21
13.1,79610.57
11.5,74234.58
4.7,54014.54
6.1,58105.69
2.4,47425.65
6.9,61016.06
1.4,44333.14
6.9,60600.56
11.5,74879.35
11.8,75633.5
4.5,53116.51
4.3,52696.23
5.2,55701.44
3.3,50251.23
3.5,50855.05
7.8,63854.55
8.1,64505.79
3.9,51829.36
2.7,48182.33
7.2,62053.28
8.6,66017.39
7.1,61290.14
6.9,61190.54
11.4,73831.59
1.5,44977.07
7.0,60869.18
12.7,78139.66
2.0,45999.88
14.9,84323.18
9.9,69979.47
2.1,46214.82
2.7,47849.23
3.4,49718.63
8.4,65312.73
6.5,59658.59
8.4,64747.46
13.9,81383.49
9.2,67150.19
11.3,74285.2
4.8,54654.45
8.4,65336.95
10.4,71154.41
11.4,74206.85
1.9,46112.85
1.8,45839.25
6.9,60992.17
12.1,76616.43
5.2,55441.77
12.4,76908.65
5.4,56462.99
6.8,60358.67
7.9,63788.71
10.8,71970.27
3.3,50010.13
12.7,77747.73
8.1,64768.32
9.5,68569.88
13.0,79168.32
3.4,49756.6
3.8,51681.6
5.1,54963.28
3.5,50162.63
8.8,65977.77
8.5,65280.23
5.1,55246.96
14.1,82456.1
8.1,63959.79
1.9,45617.38
12.6,77904.94
12.3,76822.55
12.2,76384.53
4.0,52024.14
14.1,82530.01
5.5,56861.57
2.6,47685.72
7.8,63010.7
2.6,48000.77
5.5,56576.85
9.0,67142.84
5.4,56384.84
7.1,60844.07
4.8,54822.7
14.3,82417.45
2.4,47222.31
2.9,49003.0
12.6,77887.49
8.0,63948.61
4.8,53924.58
7.1,61191.25
10.7,71626.84
3.5,50300.44
9.8,69810.5
7.0,60804.25
7.8,63865.32
13.0,79128.22
9.7,69197.38
5.8,57009.36
3.7,51290.18
8.0,64094.87
12.9,78207.04
12.3,77246.49
3.7,51283.38
13.4,80058.59
11.5,74883.28
8.6,66103.24
11.2,73316.27
5.9,58012.88
1.8,45084.91
11.0,73220.39
10.9,72670.35
5.6,57216.24
4.2,52444.24
11.1,72942.32
4.4,52746.45
9.6,68328.27
13.6,81020.64
2.7,48416.99
13.3,80138.69
6.0,57725.96
5.1,55791.26
5.0,55245.42
11.6,75235.1
6.1,58769.79
1.7,44965.0
13.7,80979.92
7.6,62604.11
13.0,78885.2
8.7,65967.23
5.1,55012.84
12.0,76325.56
11.1,73356.72
5.1,55203.1
11.2,73392.53
14.8,84879.99
1.7,45423.83
1.4,43841.61
4.8,54551.1
7.5,62437.79
3.8,51166.09
3.5,50067.58
3.7,51514.09
12.3,76680.02
3.6,50878.41
10.4,71214.12
2.2,46877.98
6.2,58808.09
5.6,56464.7
9.4,68643.5
7.5,62237.09
12.6,77939.87
2.4,47698.75
8.9,66278.94
3.8,51209.21
4.9,54975.12
11.6,74999.79
14.7,84040.09
6.0,58187.82
2.6,47537.06
4.2,52829.14
8.1,64339.38
5.6,56869.12
5.3,55474.78
13.1,79370.91
7.2,61864.86
13.7,81323.18
4.5,53590.11
7.2,61288.33
6.4,58834.2
12.1,75873.89
9.4,68044.39
4.8,53939.74
11.7,75396.99
3.9,51574.69
4.0,52440.45
3.7,50690.63
3.1,49361.3
8.5,65591.14
3.5,50445.41
6.7,59738.7
6.3,59018.61
14.8,84396.53
8.9,66690.39
5.2,55661.12
10.7,72440.33
1.9,46130.11
1.6,44750.01
2.7,48238.64
14.7,84056.7
14.7,84039.34
5.2,55706.23
9.7,68928.44
12.4,77144.56
4.7,54243.06
5.2,55285.88
8.0,64431.8
5.6,56865.81
14.2,82841.68
3.3,49649.07
11.6,74814.72
9.9,70049.19
11.8,75225.42
2.3,46721.16
7.1,61650.21
1.2,44078.71
2.7,48318.68
7.2,61303.86
9.0,66609.03
2.3,47170.54
14.8,84077.11
10.3,71399.27
9.0,67329.82
4.0,51575.86
5.3,56003.34
12.5,77284.23
11.8,75358.04
7.2,61444.86
8.3,64644.02
10.5,71185.29
9.2,67643.17
13.0,78760.62
1.6,44805.08
11.9,75261.94
13.4,79788.78
14.2,82993.17
11.9,76016.9
4.8,54515.57
8.9,66348.0
5.9,57461.24
12.8,78313.91
13.4,79916.63
13.8,81000.56
12.2,77028.52
4.4,53240.22
10.1,70662.84
6.4,59496.43
13.8,81387.55
6.7,59923.47
12.4,77008.28
8.6,65965.99
9.0,66682.18
4.6,53638.68
7.3,61548.73
2.0,46170.95
1.2,44090.41
13.5,80395.61
7.7,62857.16
9.2,67491.52
11.5,74695.31
1.5,44586.18
5.2,55570.55
3.6,50638.13
13.3,79543.44
7.2,61346.64
3.6,51158.31
6.3,58887.9
14.4,83696.5
4.1,52667.45
6.1,58745.6
12.3,77234.91
14.8,84674.32
1.8,45025.51
8.7,66507.71
1.5,44452.98
5.1,54999.78
8.4,64806.46
8.6,65568.93
11.3,73411.25
10.2,70379.11
9.1,66906.96
11.5,74171.73
5.8,57059.41
3.8,51668.09
12.6,77474.17
7.7,63568.32
5.9,57435.62
4.3,52780.45
1.8,45666.12
2.5,47921.98
14.7,83846.34
9.5,68556.79
12.4,77087.23
2.3,46839.04
11.1,73011.67
1.6,44906.42
6.7,60350.9
1.8,45749.11
5.3,55419.27
10.1,69842.07
12.8,77937.92
7.3,62284.24
5.2,55803.92
10.4,71205.97
3.2,49756.15
5.4,56338.68
7.3,61830.58
11.7,75210.22
13.9,82138.78
13.5,80765.21
13.7,80754.32
12.7,78373.88
5.0,54920.63
13.3,80082.7
3.9,52158.78
6.9,61157.19
2.1,46690.51
2.3,46840.91
2.4,47561.55
4.3,53361.44
9.9,70016.74
8.8,66192.78
11.9,75623.53
1.4,44172.6
9.2,67194.24
2.2,47026.16
5.8,57225.64
2.3,46575.65
4.3,52983.81
3.0,49330.6
7.3,62193.39
6.3,58456.04
8.4,65053.23
8.8,66723.6
2.2,46990.62
14.7,83699.08
12.3,77086.92
5.8,57097.64
4.7,53718.46
5.6,57221.56
13.2,80045.03
11.9,75745.63
5.8,57383.34
10.4,70847.61
5.5,56401.38
8.8,66856.01
1.0,42695.27
7.1,61551.82
6.3,58864.71
3.0,48706.84
13.3,79996.08
4.4,52703.96
3.3,49440.21
13.7,81568.6
5.2,56061.21
13.9,82146.62
10.7,72186.16
4.5,53099.11
7.7,63232.01
5.8,57080.54
3.1,48907.3
6.9,60422.73
8.7,66473.11
3.4,50554.1
8.3,65182.39
8.1,64366.03
10.9,72685.03
7.9,63698.99
8.5,65823.62
8.3,64761.13
4.0,52278.47
8.7,66299.13
5.2,55156.49
12.2,76292.19
9.3,67735.14
11.8,75595.42
2.8,48765.6
13.3,80057.88
4.9,54352.35
13.1,79503.14
8.0,63952.0
3.1,49409.1
2.4,47216.75
2.4,47686.95
14.3,82446.23
3.1,49726.9
3.8,51729.74
12.6,78106.11
3.8,51653.71
10.5,71323.74
12.2,76264.77
9.8,69709.51
7.3,62127.34
4.4,53387.56
1.7,45121.06
9.3,68254.4
7.4,62374.09
7.8,62917.74
5.9,57432.79
1.7,45041.89
13.0,78685.27
10.0,70103.53
11.9,76112.95
14.1,82608.13
12.4,76791.04
14.2,82558.24
3.1,49202.7
8.7,66292.21
11.7,74775.61
2.9,48925.58
2.9,48563.07
2.9,48247.62
1.5,44162.46
6.5,59334.2
4.8,54010.15
9.0,67338.2
5.4,56293.27
14.5,83924.51
8.7,66283.55
2.5,47888.99
7.1,61743.39
7.5,62204.61
9.0,67275.37
11.3,74397.96
10.0,69907.07
4.1,52124.15
6.2,59088.29
14.9,84239.81
10.1,70418.64
14.4,82967.51
13.2,79561.28
7.4,62619.98
11.1,73016.1
13.5,80873.35
9.9,70129.13
9.3,67749.08
11.4,74039.3
7.0,61214.08
13.6,80740.24
9.2,67896.14
3.0,49482.75
9.0,66849.53
9.0,66850.33
11.6,74795.91
1.4,44279.39
3.7,51417.55
7.3,61550.68
1.8,45184.23
1.6,44409.52
13.3,79829.1
7.7,62803.15
6.1,57862.72
2.8,48776.54
8.3,64627.03
8.6,66069.76
1.6,44631.98
12.7,77840.4
8.5,65767.6
5.7,57552.36
4.1,52389.82
5.4,55881.51
3.5,50264.44
2.1,46078.08
12.7,77659.73
14.7,83899.82
7.0,61127.39
12.4,77442.36
9.1,67190.07
5.3,55727.8
9.7,69591.57
8.1,64166.55
14.0,82122.77
4.8,54062.82
11.7,75160.47
12.1,75842.93
13.1,78818.15
5.5,56447.21
7.5,62119.63
1.2,44074.64
4.8,54810.27
13.9,81298.96
6.0,58134.19
6.4,59386.69
3.7,51270.86
14.9,84549.83
10.2,70500.4
12.7,77625.53
13.6,80455.48
7.8,63770.57
13.3,79653.76
2.8,48345.05
9.6,69129.15
2.5,47406.95
1.6,45138.28
10.4,71689.34
6.9,60581.31
8.2,64601.66
5.2,55313.26
2.2,46871.32
9.4,68233.13
6.3,58913.51
13.8,81317.14
2.3,46752.45
4.4,52713.95
3.9,51510.82
5.1,54911.61
3.3,49529.28
3.1,48830.54
4.0,51965.97
12.6,77721.26
7.9,63775.08
3.1,49397.44
2.4,47566.05
7.5,62943.79
1.7,45493.61
2.6,48241.34
14.0,81763.86
3.7,51107.26
4.9,54364.54
1.9,46096.85
5.8,57686.83
14.5,83073.74
8.0,63946.69
9.4,67772.5
12.1,75999.78
8.8,66733.07
10.7,72271.06
13.5,80751.14
6.4,59133.76
10.9,72441.32
10.8,72348.15
8.2,64457.52
1.1,42902.14
9.4,68375.58
8.8,66587.64
9.4,68493.5
3.7,51122.13
8.6,66065.25
13.6,80810.15
2.1,46158.02
7.5,62824.95
13.4,80240.72
4.6,53589.56
5.3,55669.9
5.5,56698.34
9.3,67849.98
9.8,69498.1
14.0,82064.56
8.9,67040.88
13.4,80018.02
14.7,84573.02
2.9,48456.85
1.4,44588.82
9.7,68926.19
11.0,73167.09
5.6,57108.74
2.6,47426.11
13.6,80321.6
11.8,75829.61
7.1,61099.99
6.5,59062.21
13.5,80051.08
4.9,54935.33
13.0,78638.98
2.5,47648.48
5.1,55180.85
8.2,64672.61
10.7,72242.0
3.3,49740.71
9.6,68798.31
13.3,80126.51
5.9,58103.45
9.9,69578.99
9.4,68497.5
2.0,45709.74
11.2,74055.18
9.3,68218.47
14.2,83071.53
9.0,66977.76
1.9,45727.5
14.2,82131.46
10.4,71390.85
14.0,82037.82
13.9,81669.94
9.8,69309.3
4.6,54066.54
5.7,56764.6
6.8,60797.33
7.3,61418.43
10.1,70502.84
7.5,62412.59
8.3,65166.21
4.4,53041.85
6.9,61177.39
3.6,50982.53
6.5,59823.44
4.6,53319.87
9.5,68360.6
11.1,72837.5
6.2,58891.78
1.7,45367.98
11.5,74170.28
14.7,84110.35
12.1,75810.71
4.2,52249.95
1.9,45985.77
3.8,51417.8
2.3,46704.45
14.9,84809.48
6.0,58159.06
2.8,48186.66
4.7,54439.04
2.1,46081.6
14.1,82174.47
5.1,55147.56
6.2,58678.11
4.3,52952.21
7.0,61202.57
4.9,55105.65
7.4,62513.81
7.2,61508.24
7.8,63403.04
7.2,61673.22
14.3,82987.87
14.5,83560.32
6.1,58746.02
13.8,80972.49
14.6,84144.35
10.1,70352.13
9.3,67603.11
6.4,59166.74
10.3,71256.28
14.0,82379.07
13.3,79909.32
6.7,59952.03
4.2,52444.62
2.3,47157.82
14.6,83856.12
4.4,53067.92
12.6,78182.65
14.7,83713.21
10.3,71351.38
1.7,44749.69
14.1,82462.38
10.0,70222.82
2.3,46543.95
10.4,71634.71
13.9,81718.08
4.5,53761.82
13.2,79490.11
13.2,79847.03
8.9,66845.29
3.4,50319.74
13.0,78645.06
4.0,51503.59
9.0,67357.84
5.0,54608.42
2.7,47811.42
11.4,74493.9
11.8,74981.58
10.6,72247.87
2.8,47991.76
12.4,76810.56
6.7,60147.04
11.2,74032.75
6.9,60455.38
9.9,69226.14
14.6,83444.47
3.1,49207.75
15.0,84579.3
7.1,61571.18
7.4,62117.4
6.7,60426.77
15.0,85049.43
3.0,49424.79
10.3,70699.6
3.5,50770.34
12.5,77337.16
7.3,61957.04
12.2,76814.75
4.4,53649.05
12.4,76901.19
8.1,63938.04
5.9,57777.79
7.2,61921.62
1.3,44324.57
6.5,59240.64
13.0,79339.11
13.2,79716.92
3.3,50196.35
2.7,48271.48
7.3,61712.4
8.4,65530.92
8.7,65753.66
6.1,58477.56
2.2,46581.99
7.6,62726.27
6.3,58841.14
12.0,76344.14
11.8,75712.22
13.3,79494.09
12.2,76663.99
13.1,79556.67
7.1,60810.29
14.5,83035.11
9.2,67562.34
6.6,60215.45
6.0,57706.15
3.5,50325.89
12.6,77745.53
2.6,47472.87
10.0,70450.77
11.3,74115.5
8.0,64054.12
6.8,60038.27
5.6,56403.14
2.7,47748.97
7.7,62651.05
13.0,79456.88
14.8,84522.89
6.9,60678.79
10.9,72573.88
10.1,70378.65
6.3,58414.37
9.2,67770.86
9.5,68781.26
13.9,81821.17
6.2,58948.58
1.7,45441.43
4.2,52595.7
3.0,48867.52
11.0,73255.42
14.6,83958.91
6.1,58263.89
7.3,61606.74
9.2,67846.84
10.6,71973.46
8.3,64894.97
4.4,52833.45
11.4,74239.8
5.3,56186.16
5.9,57640.81
9.6,69267.54
5.2,55537.87
11.8,75272.12
14.2,82221.25
3.7,51481.16
7.0,61178.42
2.0,45645.69
5.3,55442.26
7.2,61865.09
14.3,82951.8
9.2,67233.11
5.5,56012.68
10.2,70244.61
1.2,43353.31
2.8,48463.2
9.5,68928.04
6.3,58819.16
7.1,61408.7
9.6,69274.28
10.8,72318.91
14.1,82198.94
4.9,54638.33
13.3,79418.51
7.8,63893.6
6.5,59051.92
3.4,50314.64
13.4,79882.41
7.7,63391.4
3.8,51803.63
12.3,76945.5
8.5,65784.16
9.0,66979.09
5.9,57379.71
4.9,54407.9
11.3,73745.83
11.0,72641.13
14.4,83339.15
11.8,74993.61
1.4,43744.61
11.3,73844.1
10.4,71132.59
5.2,55371.92
8.0,63842.16
1.1,42856.1
6.3,58541.24
1.6,44558.09
12.8,78605.51
8.2,64376.44
6.3,59343.8
11.4,74565.14
7.7,63037.46
14.5,83013.25
14.0,82314.05
4.1,52493.53
4.1,52220.22
12.8,77908.94
2.9,48395.47
10.4,71372.54
12.6,77492.3
10.3,71312.93
14.3,83158.58
14.6,84248.09
11.2,74022.48
1.6,44354.79
10.5,71708.27
5.8,57008.5
1.2,43153.06
2.5,47192.26
14.1,82488.53
5.4,56019.03
9.8,68904.44
14.0,82462.28
5.0,54686.37
8.0,63963.82
4.8,54214.19
11.0,73493.04
6.0,57972.43
14.6,83833.84
2.9,49086.72
5.4,56343.59
12.7,77971.32
3.4,49813.59
5.7,57354.99
6.2,59086.33
11.1,73393.32
8.8,66229.39
3.2,50068.05
3.3,49620.2
13.4,80322.99
4.0,52347.36
7.0,60870.14
10.7,72196.63
10.0,70242.37
1.9,46100.21
9.3,67542.3
13.9,81590.93
9.8,69412.06
13.2,79592.73
5.4,56563.43
1.8,45542.98
12.7,78012.42
9.2,68052.89
11.8,75824.74
6.7,59988.22
11.7,74871.61
12.1,76236.42
1.4,43713.62
12.9,78699.04
8.9,66516.19
2.6,47996.37
10.7,71985.51
10.0,69992.92
1.3,44274.24
5.5,56236.89
2.5,47846.93
1.5,44499.05
4.4,52970.99
5.4,56536.73
8.8,66838.88
7.4,62192.23
3.0,48934.96
6.4,59226.67
14.6,83862.69
6.1,58228.02
8.9,66757.67
3.1,49367.13
8.5,65359.66
8.8,66161.51
12.7,78562.25
9.1,66826.13
5.0,54786.62
11.6,75199.17
8.1,64460.68
13.0,78731.16
6.2,58470.15
12.2,76156.73
4.7,54311.7
5.9,57954.05
6.5,59350.03
7.2,61454.0
9.0,66902.45
2.5,47534.87
7.1,61341.05
2.7,47732.12
11.7,75459.98
6.7,60352.17
2.3,46403.08
8.6,65401.09
14.8,84026.11
13.1,79594.56
11.2,74037.27
5.1,54844.87
9.3,68166.4
11.5,74897.08
2.5,47470.61
9.9,69847.94
7.4,62643.69
12.8,78553.14
12.9,78337.79
7.3,61543.15
9.4,67780.59
9.0,67174.49
12.0,75996.29
3.5,50863.92
13.9,82199.1
10.3,70502.81
13.5,80399.86
14.9,84850.14
13.7,81358.09
8.8,66440.74
6.9,60856.95
1.3,43805.52
6.7,59671.11
6.8,60133.13
3.6,51145.66
8.2,64946.4
7.7,63000.54
13.5,80529.11
14.6,83530.24
9.2,67803.48
8.4,65555.34
9.1,67328.15
8.3,65369.89
11.0,72693.03
12.5,77662.86
4.8,54399.6
7.2,62096.72
7.6,62795.68
3.7,51177.03
5.0,54659.06
6.4,58707.83
3.3,50026.58
2.0,46237.61
2.4,47043.53
3.1,48963.35
7.5,62950.43
1.3,44227.35
2.9,48353.45
12.6,77622.67
14.7,83706.05
9.9,69663.88
13.2,79509.95
12.3,76622.1
4.0,52118.1
14.5,83905.74
5.9,57343.47
1.3,44310.27
10.4,71122.13
12.0,76441.09
3.3,49437.86
10.7,71861.78
5.3,55812.03
10.0,70119.39
9.1,66982.42
9.3,68340.2
11.6,75280.2
1.9,45588.89
13.3,80135.47
8.1,64130.62
13.0,78628.44
2.6,47596.76
1.4,43922.16
3.0,49439.15
8.6,65766.16
13.2,79168.87
8.6,65912.47
4.4,53302.72
11.3,73911.1
2.3,47050.88
5.5,56564.47
9.6,68704.81
11.7,74941.07
11.3,73505.31
6.0,57751.12
13.6,80617.24
14.2,82698.21
10.3,71361.43
5.8,57460.65
14.2,82258.96
9.0,66618.57
6.4,59496.21
9.8,69804.46
14.2,82716.45
10.5,71463.44
4.6,53450.21
13.1,79486.73
6.4,59444.81
6.1,58079.99
10.9,72457.97
4.7,54515.03
1.8,45378.24
2.7,47925.6
8.9,66719.98
11.9,75545.57
12.8,78396.8
3.0,49125.77
11.5,74039.2
6.4,58898.6
6.2,59064.17
10.8,72379.23
7.9,63993.58
1.1,43333.96
14.7,84023.72
14.8,84110.7
6.1,58092.85
14.1,82682.46
3.1,48817.36
7.0,60808.72
2.3,47301.77
9.4,67712.1
12.5,77717.27
6.4,58844.19
7.2,61325.64
8.3,64498.23
8.3,64542.69
7.4,61910.56
10.5,71708.3
8.7,66398.27
4.4,53460.32
14.6,83591.42
2.8,48787.96
8.4,64723.3
7.0,60623.46
2.5,47902.29
2.3,47116.0
12.2,77091.91
6.6,59946.76
5.4,56050.42
10.9,73125.55
14.5,83814.0
7.4,62209.44
2.5,47621.95
8.8,66178.28
2.4,46882.57
2.3,47121.36
4.5,53685.14
2.4,46733.97
2.5,47616.6
10.5,71979.27
7.3,62094.72
6.2,58705.09
11.7,74784.37
14.0,81668.91
3.7,50768.89
10.5,71967.76
6.0,57648.72
5.7,56889.93
5.3,56385.72
13.5,80654.31
13.5,80241.06
7.4,62327.32
12.7,78433.59
7.2,61999.53
7.8,63309.0
7.5,62321.05
4.0,52327.35
11.2,73878.35
10.4,70956.66
12.7,77816.0
2.7,47757.11
12.1,76627.68
10.3,71308.1
2.6,47763.48
8.9,66642.46
7.2,61105.96
14.3,83066.23
13.4,80069.87
13.4,80494.72
11.6,74757.93
4.3,52588.38
8.0,64054.21
4.4,53489.73
13.8,81512.93
2.0,45730.52
13.2,80098.71
4.0,52399.14
8.7,66303.31
13.8,81197.8
5.0,55456.39
9.4,67947.98
7.5,62818.08
13.7,81252.95
11.6,75260.81
10.7,71884.47
1.1,43583.92
8.8,66746.55
7.8,63359.53
11.3,73930.82
12.4,77322.21
8.2,64908.89
10.8,71929.35
12.7,78066.7
12.5,77887.89
14.9,84229.52
11.4,74241.96
9.3,67471.96
11.9,75556.18
7.0,60941.21
6.4,58835.21
11.5,74382.08
2.1,46697.58
2.8,48453.19
13.7,80690.22
8.5,65148.8
14.3,83185.11
10.3,70993.27
5.1,55038.08
8.5,65986.44
3.1,48868.14
2.3,46968.39
12.2,76715.62
4.4,53216.71
2.1,46172.19
13.5,80267.69
14.4,83639.74
13.6,80720.92
8.0,64087.47
2.9,48952.33
5.4,56360.21
2.4,47028.4
10.9,72281.94
9.4,68246.98
10.3,70485.61
7.1,61556.75
12.5,77490.02
3.0,48929.49
3.5,50580.41
13.5,80714.02
4.9,54847.87
12.7,77847.22
4.8,53905.46
8.4,64946.82
11.6,74955.47
4.8,54872.53
11.9,75282.39
12.7,78503.28
13.1,79639.13
5.1,55128.88
8.6,65464.52
10.2,70630.65
5.7,56985.89
2.9,48662.91
3.8,51489.53
8.2,64361.34
13.0,79186.09
1.8,44912.7
8.0,63908.67
13.8,81727.26
6.5,59746.32
9.3,67692.64
4.2,52532.4
1.7,44828.95
7.2,61873.49
2.4,47544.85
1.4,43941.21
7.3,62174.11
6.0,57710.93
8.8,66181.96
9.7,69293.35
4.6,53735.16
13.4,80397.91
9.2,67237.39
3.3,50006.63
10.5,71182.38
5.4,56660.69
12.9,78281.55
3.2,49853.58
11.1,73230.86
7.8,63253.37
7.0,60996.17
13.1,79230.15
11.6,74896.69
6.9,60525.83
4.1,52449.65
7.9,63235.92
11.9,75498.54
4.5,53732.63
7.1,60881.9
12.9,79019.41
5.0,55446.88
5.9,57999.45
4.6,54246.36
5.7,57147.6
14.1,82491.83
6.9,61008.49
13.1,79603.71
11.0,73127.23
11.2,73340.05
4.9,54948.13
6.5,59722.39
1.2,43746.65
10.0,69869.7
7.1,60937.13
2.1,46589.1
14.4,83170.41
13.4,80186.3
14.4,83699.77
14.0,81978.75
10.6,71479.01
2.5,47773.86
9.7,69505.15
10.4,71220.43
11.5,74411.66
12.4,77529.29
11.7,75201.96
1.9,45747.47
12.3,77216.17
2.8,48543.47
4.2,52912.59
12.1,76719.68
9.6,69209.28
11.8,75769.48
13.8,80930.16
10.6,71998.86
2.9,48654.51
14.5,83824.24
9.2,67191.63
9.9,69783.04
6.3,59213.45
11.9,75484.88
12.6,77346.86
12.4,77653.4
5.1,55400.46
6.2,58318.86
5.9,57541.65
3.5,50457.62
2.1,45905.44
13.9,81731.01
1.9,45845.51
13.3,79970.8
14.1,82777.17
9.6,68726.19
7.0,60723.72
8.4,65387.28
7.3,62351.29
9.4,68133.6
5.5,56057.03
9.0,67003.71
4.6,54080.51
7.7,63479.03
10.1,69817.23
3.6,50311.87
2.6,48165.81
11.5,74256.84
14.1,82745.72
14.4,82740.62
4.6,53638.29
8.3,65310.32
11.1,73258.47
4.7,53919.93
5.0,54828.32
5.9,57356.56
13.8,81667.59
6.1,58095.02
12.4,77687.8
9.4,67941.35
1.2,43753.81
3.9,51930.55
12.7,77649.78
13.2,79993.6
9.6,69085.98
8.1,64598.25
7.6,63198.51
3.5,50332.02
3.9,51734.36
13.5,80316.7
1.4,43739.06
11.8,75792.76
12.9,79028.32
12.5,77015.77
10.5,71703.57
8.3,64834.18
9.3,68013.2
14.6,84097.37
6.7,59944.93
5.4,56200.47
11.1,73195.5
2.6,47755.62
13.5,80702.73
6.0,58344.14
6.1,58106.67
11.1,73249.12
11.8,75054.87
13.2,79824.57
9.0,66676.08
7.3,62322.68
1.4,44036.91
5.2,55128.79
14.5,83814.78
3.8,51364.81
3.2,49410.89
13.9,81945.36
6.3,58856.23
3.3,50176.95
13.4,80341.02
8.6,66213.76
9.4,67795.5
2.4,47064.32
3.7,51340.2
12.8,78867.45
7.9,63984.74
5.2,55153.61
1.9,45595.6
5.7,56608.05
13.0,79062.46
12.4,77020.94
8.8,66612.25
3.6,50589.72
5.0,54641.2
1.3,44272.21
6.6,60274.18
14.5,83591.43
13.5,80765.78
11.4,74079.61
14.4,83309.43
12.2,76959.7
11.4,73755.23
2.2,47062.86
10.2,70574.13
13.8,81769.17
1.1,43788.41
3.7,51047.24
8.8,66804.4
3.0,49127.43
7.9,63263.99
11.3,74094.31
9.3,67998.6
10.9,72696.04
5.4,56096.18
11.5,74765.39
4.1,52358.92
7.2,62078.42
14.3,82550.38
8.2,64433.44
12.2,76586.36
3.1,49137.12
3.1,49518.11
13.7,81010.86
6.5,59623.26
5.6,56751.27
7.1,60980.38
12.4,77126.02
1.4,44580.31
1.7,45302.09
13.5,80551.12
10.6,72204.66
3.5,50034.8
10.3,70685.96
5.5,56899.92
7.0,60945.93
8.4,65365.54
10.8,72802.72
8.9,66244.01
13.7,81260.46
3.6,50407.3
10.6,71540.17
7.2,61472.4
13.2,79210.07
4.4,53638.28
9.9,70116.98
10.5,71141.23
8.8,65925.57
13.4,79769.34
11.6,75130.77
3.7,51174.79
6.9,60408.05
8.8,66169.98
13.3,80012.55
6.0,58469.85
5.6,56354.73
2.3,46517.33
11.1,73317.67
7.9,64192.06
7.9,64070.83
9.4,68455.06
2.8,48435.51
7.2,61296.62
2.1,46735.14
9.7,69154.03
5.1,55173.06
11.1,73255.46
14.3,83095.98
1.5,44178.13
8.6,65766.85
14.4,83342.21
6.1,57875.17
3.9,51741.54
9.5,68045.07
7.0,61165.03
7.7,63363.65
12.3,76576.63
7.4,61954.14
10.6,72079.15
11.8,75780.32
12.0,75922.21
1.8,45456.38
14.2,82436.79
13.4,80591.41
4.8,54778.43
8.2,64881.56
1.4,44218.12
7.8,63624.11
7.5,62682.21
13.0,79028.4
14.3,83178.32
10.5,71433.63
11.9,75653.12
6.0,58067.8
12.4,77322.32
8.0,63724.81
4.4,53325.85
12.6,77421.17
10.0,70108.83
6.3,58423.18
2.5,47838.81
6.8,60675.21
4.2,52975.1
14.9,84808.33
7.9,63941.86
3.9,51759.28
13.5,80327.31
10.2,70758.33
6.6,59413.08
13.5,80463.2
3.8,51448.41
5.0,54707.49
13.6,81018.01
5.7,57289.75
11.2,73592.82
8.4,65491.69
1.5,44032.3
13.9,81987.64
11.6,75204.11
12.2,77088.78
12.2,77044.95
12.1,76767.62
1.2,43583.27
8.3,64723.65
2.1,46096.53
1.7,44790.95
14.5,83651.75
9.2,67284.99
8.5,65774.48
6.5,59950.53
3.9,51581.02
8.2,64930.6
13.1,78933.28
1.3,43581.44
14.7,84491.18
2.8,48806.8
14.1,82510.27
12.6,77388.09
6.5,59684.18
10.8,72551.49
13.0,79169.14
11.6,74680.77
10.5,71753.56
8.6,66023.52
1.5,44902.92
14.9,84400.99
11.2,73712.81
13.5,80802.44
5.8,56940.61
8.2,64957.84
4.2,52391.48
8.5,65612.28
7.7,63446.49
14.9,84782.89
5.6,56728.92
11.3,74098.82
4.9,54650.63
11.9,76178.35
7.0,60698.44
5.3,56012.44
4.8,54482.49
6.9,60491.34
8.4,65197.45
5.0,55034.64
10.1,70363.0
6.8,60627.61
7.2,62034.52
9.1,67550.89
13.6,80966.06
6.6,59649.57
7.2,61684.27
1.6,44965.6
5.4,55850.83
13.3,79974.41
1.6,45124.36
2.1,46078.46
8.3,65294.72
7.0,61153.68
10.3,70792.42
9.9,69584.69
10.4,70959.03
2.7,47807.01
9.4,68274.76
4.3,53343.0
5.3,55607.87
10.7,72206.03
3.6,50463.61
12.4,76814.74
2.7,48450.84
14.6,83542.33
3.3,49454.85
11.5,74237.43
10.9,73003.52
6.6,59518.67
9.4,68519.83
3.9,52185.54
10.3,70854.28
13.2,79936.82
4.6,53890.73
3.9,52033.91
10.7,72138.59
9.4,68204.66
12.7,77712.14
6.7,60132.8
6.8,60141.16
9.4,67804.16
8.0,64192.39
10.2,70694.27
8.3,64775.2
8.7,66122.7
6.3,58969.6
3.1,49125.35
7.7,62644.03
6.6,59863.36
4.0,51722.14
6.4,59020.77
5.9,57817.05
3.1,49505.98
13.6,80350.94
10.8,71915.6
2.6,47874.19
6.8,60682.58
12.2,76484.94
13.8,81769.19
6.1,58104.27
11.7,74647.11
8.8,66827.02
14.8,84279.59
12.4,76946.89
12.6,78086.7
13.4,80566.76
4.1,52614.58
9.7,69102.81
1.6,45102.74
4.2,52403.31
9.3,68369.3
7.0,61171.45
11.9,75230.23
10.2,70903.89
2.2,46239.55
11.3,74396.48
7.4,62059.47
4.1,51882.94
3.7,50727.44
4.2,53004.24
5.8,57489.04
4.9,54669.59
2.9,48894.14
11.3,73619.08
11.1,73741.89
9.9,70063.01
9.8,69740.9
13.2,80007.36
14.6,83946.27
5.7,57522.84
7.5,62083.12
2.1,46428.79
1.7,45264.14
5.2,55593.84
14.9,84271.27
5.0,54672.02
11.1,72891.42
7.9,63599.45
12.7,78399.33
3.0,48806.3
14.8,84369.59
9.8,69800.92
12.9,78466.74
9.7,68993.23
6.2,59074.13
6.7,60406.31
1.9,45837.58
8.7,65730.36
14.9,84894.16
13.4,80287.23
2.2,47012.09
6.7,60049.94
5.0,55491.54
9.6,68860.9
3.0,48603.14
8.2,64951.58
11.9,75960.28
7.3,62207.55
14.5,83095.3
1.4,44646.77
7.2,61859.71
6.8,60602.35
11.9,75355.37
3.4,50608.43
13.6,80622.89
4.9,54467.34
1.2,43646.5
2.3,46525.51
2.4,47635.29
13.2,79351.4
7.1,61304.33
6.2,58226.03
9.9,70082.93
12.4,77569.01
4.5,53336.59
4.7,54577.88
7.8,63168.46
8.0,64031.18
1.7,45425.99
13.5,80417.65
12.1,76390.51
8.7,66105.04
6.7,59687.06
10.4,70873.52
14.8,84183.79
13.3,80175.99
6.8,59977.3
5.5,56456.06
1.6,44836.88
7.7,62891.99
4.9,54524.25
8.2,64776.89
2.1,46030.23
4.6,53783.05
5.1,55706.16
11.1,73766.09
5.1,54869.5
11.3,74081.49
11.3,73444.62
9.1,67311.55
11.3,73748.75
13.2,79581.16
4.8,53940.79
6.9,61186.72
3.6,50373.55
4.0,52010.38
6.6,60110.73
11.8,75186.3
2.2,46392.72
3.2,49800.46
5.2,55114.01
13.1,79286.24
10.1,69948.97
9.0,67070.59
9.6,68579.61
6.9,60260.16
4.1,52223.44
14.8,84886.89
5.0,54854.63
6.3,59153.82
9.5,68025.47
5.1,55525.71
1.6,45090.34
6.4,59019.43
9.7,69103.14
5.2,55860.72
3.8,51489.55
6.4,59671.31
14.3,82819.82
10.5,71695.92
7.8,63661.78
14.8,84341.41
6.3,58463.31
14.7,84479.19
3.5,50302.28
6.5,59053.55
1.6,44740.4
1.3,44276.89
10.5,71035.36
1.2,43739.57
6.8,60376.54
4.4,53607.45
6.3,58875.9
9.9,69388.86
14.7,84187.23
6.2,59037.44
7.5,62668.81
10.9,72380.47
7.3,62306.87
1.3,43564.69
3.4,50125.96
6.5,59891.21
4.5,53168.02
9.8,69073.73
6.9,60968.7
6.1,57877.1
12.5,77081.03
7.4,61894.8
3.2,49613.72
7.8,63067.92
1.9,45761.57
4.7,54233.45
13.3,79727.75
7.3,62217.48
4.3,53189.47
14.4,83258.86
13.7,81507.63
12.3,76412.72
1.9,45589.81
5.0,55010.58
5.1,55513.58
3.7,50863.99
14.1,82006.52
12.6,77763.54
8.2,64722.33
9.7,68917.21
13.0,78655.24
5.6,57224.77
11.1,73635.75
11.9,76031.87
13.8,81862.93
8.5,65313.43
11.7,75359.56
4.2,53044.3
12.2,76508.62
3.2,49795.92
8.4,65279.38
3.5,50584.7
1.3,43868.79
2.6,47654.52
11.3,74093.12
11.1,73673.86
7.7,63397.42
1.8,45879.97
2.8,47950.25
5.8,57433.0
9.3,68245.12
10.6,71498.99
10.9,72941.71
15.0,85432.38
4.7,53930.71
4.1,51876.43
7.6,62344.49
11.5,74919.45
8.3,65366.64
4.2,52920.63
1.5,44374.23
10.7,71747.64
12.6,77888.37
3.0,49383.54
4.9,54589.83
13.1,79717.0
14.6,83332.57
8.1,64317.42
2.7,48312.43
10.7,72005.97
11.9,75694.21
1.9,45507.07
6.7,60055.96
5.1,55440.46
14.3,82713.31
12.2,77094.41
14.8,84748.26
2.9,48741.23
8.8,66382.1
3.2,49145.96
4.6,53904.82
14.1,82423.78
8.2,64300.86
3.3,50064.57
6.2,58572.45
2.6,47771.37
14.1,82249.94
6.6,60141.79
5.3,56263.63
11.6,74621.48
12.7,77697.89
14.5,83567.4
4.6,54254.76
2.0,45803.39
12.1,76277.16
2.2,46614.06
12.8,78144.61
15.0,85070.79
11.1,73676.24
6.6,59988.1
2.7,47810.01
2.5,47558.22
14.9,84504.48
7.9,63979.61
9.6,68513.66
13.7,81404.81
9.4,67968.73
3.3,50285.38
12.7,77873.82
5.7,57598.92
11.5,74377.78
3.4,49872.69
3.3,49416.67
12.8,78627.48
7.2,61107.77
6.6,59909.94
3.8,51020.09
3.4,49853.45
6.2,58930.89
13.6,80583.54
4.3,52906.73
15.0,84563.83
7.5,62390.47
7.5,62590.09
3.8,50952.75
12.3,77277.97
8.7,66383.52
8.8,66474.09
13.1,79685.95
12.0,76366.04
13.5,80522.25
1.8,45484.51
12.2,76800.47
2.7,48029.97
5.5,56880.81
4.9,55040.39
3.2,49317.88
10.2,70762.65
14.2,82923.61
10.9,72322.04
5.6,56578.04
9.6,68847.13
13.8,81689.12
6.6,59829.6
9.7,69029.0
14.4,83504.78
5.9,57496.46
11.5,74748.91
12.8,78547.2
11.1,73343.36
10.4,71164.35
5.3,55575.78
14.7,84481.12
14.7,83617.53
11.8,75297.31
5.7,56803.0
6.7,60234.15
3.2,49522.75
14.2,82651.91
4.6,54262.16
14.0,82489.49
6.3,58782.54
10.4,71479.31
1.8,45165.31
4.9,55194.72
3.0,48652.01
1.9,45668.18
11.9,76170.5
3.6,50379.9
9.9,69768.98
7.5,62769.31
4.8,54184.34
15.0,85257.36
10.9,72988.15
12.8,77948.09
13.1,79552.45
6.4,59574.26
6.8,60448.16
4.8,54783.55
10.0,70115.71
3.3,50146.63
4.0,51711.91
2.7,48460.3
5.9,57567.12
14.3,82500.37
14.2,82560.21
6.8,60550.15
5.1,55536.48
4.3,52733.32
13.5,80840.17
1.3,43486.22
10.0,70181.48
8.1,63966.21
6.2,58215.11
9.2,68089.14
8.7,65662.15
14.9,84615.18
2.8,48392.04
12.4,76801.83
10.2,70506.1
9.4,68609.73
3.4,49935.45
14.0,81801.25
11.0,72810.99
5.0,55268.36
2.0,45979.13
1.9,45424.54
2.1,46714.01
12.0,76292.92
13.0,78831.38
14.4,83698.46
12.5,77474.31
10.5,71030.75
11.1,73065.27
4.8,54752.02
6.8,60201.83
8.1,64157.77
1.8,45888.31
2.5,47047.94
11.2,73131.39
12.1,76324.03
4.2,52410.87
10.8,72508.48
10.1,70419.8
14.9,85084.22
7.1,61145.3
9.9,69376.16
3.5,50718.45
9.0,67418.11
9.4,68143.96
1.5,44590.46
1.6,44964.82
9.6,68775.74
2.5,47577.74
9.2,67136.13
6.1,58072.7
2.7,48131.81
8.8,66535.05
1.1,43339.35
5.1,54977.34
5.1,55580.16
13.7,81372.05
9.7,68667.35
6.6,59531.57
4.5,53631.26
13.7,81525.37
12.1,76665.11
9.4,68242.89
9.8,69619.77
6.0,57812.66
9.0,66843.24
9.6,68715.05
11.5,74242.87
9.4,67874.04
12.4,76992.55
10.0,70210.62
5.2,55999.82
14.1,81904.53
3.3,49864.63
7.4,62432.63
9.5,68719.34
8.5,65071.3
12.9,78568.32
8.6,65570.02
8.7,66527.77
2.5,47854.72
6.3,58784.02
13.5,80902.1
7.9,63574.43
3.3,49587.63
7.8,62935.03
5.2,55917.27
6.5,59739.64
9.1,67793.77
8.7,66423.23
9.7,68725.11
14.7,84493.34
8.7,66265.28
14.6,83498.16
14.1,82570.93
4.5,53876.19
13.1,79722.12
7.7,62932.81
5.2,55486.2
1.6,44657.37
3.4,50200.42
9.1,67434.68
1.3,43894.63
9.3,67866.77
7.7,63152.71
7.5,62369.71
14.5,83427.4
11.1,73241.62
3.6,50947.21
4.3,53336.74
11.4,73983.29
3.1,49389.15
3.6,51206.38
9.1,67201.4
13.8,81132.42
14.9,84356.16
7.5,62334.52
10.8,72081.21
10.7,71900.41
12.4,77022.65
2.0,46459.07
2.5,47365.89
12.7,77937.5
14.7,83907.39
2.2,46239.64
1.5,44500.58
1.5,44482.79
13.0,79334.81
7.7,62738.1
13.0,79268.73
3.3,50220.18
8.3,65019.41
7.1,60812.71
3.9,51484.26
9.8,69151.53
4.6,53447.11
15.0,85157.91
8.7,66137.72
10.8,72632.69
13.6,81262.94
8.0,63877.15
3.3,50318.13
11.3,73573.24
1.6,44955.51
10.3,71079.08
12.2,76640.27
10.8,72470.59
10.9,72785.25
10.3,71023.41
11.3,73552.04
5.7,57244.37
8.0,63788.14
7.6,62751.77
6.3,59390.83
14.5,83553.02
10.2,70872.71
3.8,51613.92
7.9,63673.92
6.8,60890.81
3.7,50647.63
10.4,71690.64
1.9,45763.95
6.7,59820.1
11.6,74701.43
5.4,55850.27
14.2,83047.38
2.0,46384.89
9.6,68792.43
4.8,54550.97
1.3,43953.52
12.8,78395.35
7.3,61410.11
10.5,71931.01
13.5,80415.74
7.3,62075.6
5.6,56877.19
3.9,51694.8
12.5,77310.04
4.4,53329.31
1.6,44381.65
10.0,70218.95
5.9,57678.81
12.9,78620.61
3.7,51021.73
6.3,59214.83
12.9,79038.37
5.4,55886.56
1.2,43184.92
3.5,50803.08
1.7,44744.13
2.4,47228.4
9.1,67457.28
14.0,82306.58
14.8,84390.53
4.7,54531.37
9.8,69672.34
14.4,83128.29
13.7,81514.33
2.0,45971.01
10.3,70829.02
7.2,62052.19
1.9,45871.28
2.8,48396.02
7.3,61844.36
8.7,66404.11
10.3,70872.64
3.1,49013.47
5.3,56207.64
4.8,54202.98
10.9,72862.16
13.1,79229.07
3.5,50882.8
9.6,68935.9
4.0,51521.49
11.9,75623.8
6.5,59117.03
3.5,50125.84
9.2,67628.11
9.6,68695.92
11.7,75498.57
6.2,58629.26
3.4,50144.61
1.1,43647.5
11.4,73888.87
3.3,49552.61
7.3,61568.36
7.3,61700.06
1.6,44352.18
13.9,82013.18
10.6,72231.95
9.9,69870.26
11.3,73910.16
8.2,64255.03
12.2,76809.58
3.5,50838.99
7.5,62661.73
8.0,64123.16
4.3,53293.44
6.9,61078.99
7.8,63232.84
3.3,49629.34
6.9,61096.36
6.6,60004.89
4.6,53772.23
6.5,59144.83
2.2,46439.0
11.4,73876.49
7.9,63726.84
1.3,43934.4
8.4,64898.64
1.5,44242.34
6.2,58735.76
10.9,72609.5
14.4,83251.65
3.3,49743.6
9.1,67648.64
1.5,44879.21
14.2,82350.8
3.0,48544.27
4.5,53423.57
14.4,82711.85
14.3,82555.63
10.7,72449.55
4.3,53050.23
8.5,65258.24
7.6,62748.31
4.9,54860.02
9.6,69238.14
5.7,56966.23
4.3,52642.75
8.0,63918.3
1.9,45382.48
14.7,83778.02
1.4,44017.75
12.5,77813.55
8.6,65654.13
1.2,43284.26
10.1,70510.73
2.1,46042.25
5.1,55457.82
5.8,57776.57
9.5,68470.23
3.0,48742.4
1.4,44421.89
2.1,46485.29
12.5,77342.56
6.0,57801.7
7.0,60766.44
1.5,44946.29
12.9,78494.42
8.0,64403.78
10.8,72662.34
2.0,46404.04
13.1,78961.59
7.9,63920.09
9.3,67404.11
9.9,69666.92
9.4,68284.9
3.6,50686.99
5.1,55619.01
3.0,48858.58
13.5,80259.31
1.7,45184.1
12.1,75922.83
2.6,48129.76
12.6,77650.03
7.3,62277.07
2.2,46661.9
12.6,77604.29
14.6,84005.25
2.3,46594.39
10.7,72126.8
12.4,77299.43
5.2,55561.14
7.0,61296.51
6.5,59345.45
9.9,69558.57
12.5,77663.29
1.4,44233.52
9.0,66849.36
3.3,49982.97
12.6,77791.23
1.6,44871.53
4.3,52594.96
14.3,82647.87
11.7,75060.3
13.1,79198.9
9.2,67864.74
1.2,43651.66
12.5,77060.51
2.7,47684.92
14.1,81858.98
7.3,62085.49
10.0,69689.73
10.7,71799.14
9.6,68811.89
1.4,44258.79
1.3,43531.78
7.4,62605.24
2.1,46014.77
14.7,83859.54
5.0,55182.65
13.5,80265.55
15.0,84842.45
8.1,64517.29
14.8,84458.07
9.4,67886.22
2.6,47522.11
10.6,72061.24
9.9,69280.76
1.2,43752.36
2.9,48914.35
5.2,55810.89
4.8,54475.42
9.6,68668.28
5.3,55813.65
13.1,79529.96
6.8,60882.75
1.0,42782.54
1.1,43697.01
13.1,78910.39
8.7,66332.25
4.1,52246.05
9.0,67150.76
8.8,65902.7
4.0,51631.26
3.7,51555.61
10.9,72809.59
10.8,72582.1
8.7,66167.18
5.6,56605.92
2.5,47241.43
14.2,82632.56
7.4,62158.14
7.5,62988.29
13.8,81276.05
14.1,82524.33
3.5,50734.27
10.1,70026.94
5.5,56671.22
7.4,62670.81
5.7,56925.51
8.3,64574.47
11.8,75174.4
9.0,67470.13
7.9,63701.63
1.2,43246.11
9.6,69269.24
11.7,74980.12
9.6,69105.5
2.3,47101.55
1.8,44967.87
13.1,79536.74
9.9,69806.58
5.7,57323.17
1.4,43930.41
2.3,46995.68
3.2,49789.47
2.6,48202.35
3.3,49731.03
2.3,47041.23
10.2,70643.68
14.8,84125.64
10.4,71237.27
1.8,45822.34
14.1,82321.42
2.2,46494.92
10.5,71309.97
11.7,74752.73
12.7,78478.32
4.3,53161.45
7.7,63471.41
11.8,75098.23
3.7,51032.35
4.7,54402.95
12.7,77723.69
13.6,81043.29
8.2,64614.15
14.1,82107.65
2.6,47531.08
13.0,79171.71
10.9,72620.54
14.6,83683.5
1.0,43055.09
4.8,53920.1
4.7,53730.52
5.2,55456.26
1.0,43199.91
5.5,56483.46
14.1,81966.54
4.2,52822.48
2.3,46993.24
6.6,59383.37
7.5,62394.23
2.8,48351.65
7.7,62836.53
13.6,81103.13
13.7,80725.88
7.9,63841.1
13.9,81776.66
15.0,85337.74
6.6,60038.75
8.4,64886.94
5.9,57487.07
2.0,46071.38
6.0,58059.31
12.8,78439.2
1.9,45439.3
11.5,74415.74
2.6,48123.02
13.0,79436.67
1.8,45039.13
15.0,85125.39
8.1,64063.93
4.2,52623.94
7.8,63801.63
7.3,61796.19
14.0,81525.52
1.5,44185.99
10.9,72477.96
9.8,69148.74
8.8,66554.9
4.6,54175.38
1.6,44324.44
6.6,59994.64
10.1,70700.32
1.8,45669.96
9.8,69738.53
4.4,52781.84
10.0,69587.67
5.2,55748.19
7.0,60943.64
7.3,61588.44
11.1,73021.5
9.3,67891.86
4.6,53837.18
14.5,83676.27
6.1,58067.66
3.4,50147.8
3.1,49514.28
9.5,68796.36
14.5,83454.53
6.8,60786.24
5.0,54808.19
14.3,82593.18
2.6,47773.59
5.3,56129.67
3.2,49894.61
2.7,47940.92
10.8,72760.37
10.3,70646.26
14.0,81536.31
7.7,62813.32
12.0,75627.86
2.6,47985.12
14.2,82542.76
11.9,75507.61
4.3,53037.42
9.4,68410.92
12.4,77613.98
8.8,66543.25
8.9,66387.63
12.4,76799.79
1.7,45154.47
9.2,68033.22
7.3,61643.73
13.6,80645.91
9.7,69317.46
6.5,59340.0
5.1,55233.87
1.4,44561.24
11.7,75187.03
8.5,65893.27
13.0,78585.67
3.0,48970.51
12.1,76747.78
7.8,63325.61
14.0,81924.91
3.2,49595.25
11.9,75541.37
8.5,65115.15
9.0,67483.4
12.7,77738.45
10.8,72405.34
10.2,70154.94
3.4,50089.03
5.3,55886.31
14.2,82293.31
2.7,48342.3
7.7,63377.94
10.8,72672.58
4.1,52332.34
9.8,69815.49
11.9,76107.4
3.5,50332.04
2.3,47206.61
9.0,66932.34
8.3,64710.43
8.2,64234.02
10.9,72568.14
10.2,70486.24
13.2,79440.88
10.3,70480.86
12.0,75558.8
12.4,77309.92
4.6,54128.71
12.1,76773.59
8.1,64307.86
6.6,59584.11
10.0,69623.01
14.4,82757.68
4.9,54401.85
13.2,79577.46
13.9,81473.34
8.7,66298.26
9.5,68232.94
14.9,84351.56
14.3,82870.69
14.3,82431.45
7.3,61941.87
11.1,73304.58
2.1,46190.2
8.2,64903.97
2.6,47450.2
4.8,54514.96
9.5,68580.44
2.6,47783.18
5.5,56957.74
4.1,52479.33
5.7,56728.24
9.6,68533.52
4.8,54294.48
9.4,68390.79
4.5,53305.65
10.7,72593.94
8.9,66982.73
4.0,51517.86
1.1,43250.0
15.0,84926.59
1.2,44093.23
6.1,58768.51
4.1,52656.33
2.5,47251.09
5.0,55083.14
14.1,82426.52
12.1,76193.43
8.0,63941.97
2.4,47623.15
8.8,66518.07
12.5,77483.32
14.7,83644.83
14.0,82319.03
1.6,45219.92
10.8,72147.35
10.0,69745.23
11.5,74379.18
2.1,46279.71
2.4,47438.98
11.1,73179.74
11.5,74098.69
6.5,59041.87
1.3,43649.38
4.3,52539.56
14.2,82582.38
7.4,61926.56
13.4,79864.46
4.2,52908.75
8.9,66456.61
7.9,63492.3
14.6,83781.21
3.1,49006.85
1.4,43857.97
14.4,82870.42
7.4,62662.05
10.0,69620.07
4.2,53050.76
8.5,65237.04
7.5,62246.96
8.7,65738.94
14.8,84026.28
5.7,56657.08
5.4,56321.98
10.1,69808.5
6.4,58994.04
14.6,84182.58
1.9,45377.06
13.5,80465.33
7.3,61935.95
2.0,45790.83
14.7,83624.83
6.0,57764.7
1.2,43202.51
10.0,70180.39
13.0,79018.99
8.5,65814.47
9.2,67747.85
11.3,73711.79
12.2,76246.33
5.1,55115.6
10.6,71772.17
13.1,79167.74
8.3,65146.55
1.4,43748.14
13.1,78929.33
6.8,60859.81
7.7,63473.3
14.6,84164.7
9.4,68430.38
4.0,52331.26
4.8,54032.4
10.3,70903.76
14.4,83655.01
10.1,70628.8
4.7,54026.95
13.4,80014.5
5.6,57032.83
3.4,50675.92
6.7,59703.13
13.4,80568.02
11.2,73446.99
7.5,62725.07
5.8,57261.04
9.0,66997.68
3.8,51041.02
13.5,80283.33
6.6,60291.51
13.4,80480.07
13.5,80912.51
3.7,50949.92
7.6,63282.01
7.0,61167.73
8.9,66524.53
12.6,77788.91
10.1,70095.87
6.0,58258.86
5.6,56398.54
13.8,81720.56
13.7,81101.77
2.0,45987.3
2.8,48179.31
13.5,80444.75
14.1,82443.96
10.5,71049.49
4.8,54591.29
12.2,76578.0
11.0,73399.77
11.7,75402.24
7.9,63445.6
3.6,51229.58
12.2,76487.8
9.0,67152.76
7.5,62115.87
4.1,52077.94
9.9,69459.25
13.5,80549.44
2.0,45848.03
3.2,49156.21
6.1,58293.31
2.7,47733.22
7.0,60923.35
13.9,81505.09
7.3,61827.6
6.0,57697.4
2.1,46386.69
1.2,43130.03
1.9,45452.38
14.7,84317.86
2.2,46561.39
1.8,45018.24
6.3,58502.61
14.1,81809.01
10.4,71518.83
5.2,55130.06
6.4,59027.07
4.0,52044.36
1.9,45239.07
1.9,45625.08
11.5,74600.0
6.1,57844.55
10.9,72648.9
7.2,61646.14
9.8,69079.79
5.8,57286.74
9.6,68801.84
11.6,74328.62
4.5,53870.74
7.2,61627.96
9.1,67184.12
14.0,82273.01
7.8,63489.86
4.0,52089.93
2.7,48388.53
11.8,75440.49
2.2,47067.93
3.5,50590.11
3.4,49757.19
2.4,47136.29
8.2,64770.34
6.3,59133.63
13.7,81033.9
11.0,73220.89
4.0,52244.79
5.4,55796.91
6.8,59995.29
4.1,51999.85
4.9,54911.62
13.2,80035.01
2.7,48146.53
12.8,78499.75
8.0,63832.89
8.5,65409.32
5.4,56342.16
5.7,57016.42
9.0,67443.06
5.5,56792.68
10.5,71647.76
7.6,63060.47
7.3,61909.15
12.4,77633.01
2.8,48553.47
8.5,65716.71
11.5,74894.21
14.5,83296.9
5.3,55602.08
2.7,48145.04
13.6,80952.22
8.2,64111.88
6.0,57947.04
7.8,63439.67
3.4,50314.71
8.0,63806.63
3.4,50376.37
14.1,81835.26
7.6,62922.9
2.5,47382.83
8.7,66093.6
1.4,44012.99
13.6,80466.4
3.2,49674.62
12.1,76439.07
5.3,56005.56
12.1,76292.86
3.3,50065.63
13.2,79571.7
3.8,51399.01
7.0,60704.53
5.4,55935.49
13.5,80085.05
9.4,67718.91
10.3,70548.25
8.6,65603.32
13.0,79066.47
12.5,77632.36
6.1,58120.89
1.9,45853.42
12.0,75861.26
14.5,83437.51
4.2,52392.69
8.7,66323.74
3.1,49722.71
9.8,69612.99
9.3,67710.85
1.1,43177.44
7.8,63697.49
4.5,53458.56
11.5,74316.88
4.3,52979.22
14.7,84083.76
8.0,64216.22
12.2,76151.46
2.8,48258.25
2.9,48491.74
7.8,62997.44
13.4,80678.58
14.1,82779.4
5.5,56486.39
11.8,75025.86
3.7,51505.85
4.7,54398.68
9.2,67392.96
2.7,47732.17
6.6,59777.71
8.9,67075.69
14.5,83949.28
9.5,68892.89
12.1,76730.77
7.8,63459.73
6.8,60829.14
2.3,46834.32
14.3,83036.64
4.9,54964.83
7.4,62274.54
10.4,71123.75
13.3,79823.17
3.3,49848.52
1.6,44461.76
11.6,74512.84
10.0,70438.02
1.0,43036.98
10.6,71462.69
8.7,66168.14
1.1,43558.31
7.8,62987.73
4.2,52703.3
11.5,74109.11
5.3,55755.21
4.6,53763.13
4.1,52415.95
3.0,49087.14
12.8,78807.71
6.6,59484.73
9.9,69702.04
4.1,52249.57
6.1,57909.94
1.5,44525.66
1.9,46135.71
8.2,64471.79
5.0,55187.73
4.0,51734.07
4.0,51577.47
5.2,55250.33
1.3,43794.41
8.2,64227.53
9.8,68922.32
10.3,70753.38
4.3,52459.97
12.7,78028.42
9.5,68259.74
1.8,45073.47
5.9,58140.85
4.3,52561.52
9.4,68282.24
14.6,83886.87
14.1,82582.47
11.0,72905.48
12.9,79064.46
2.1,46797.19
14.1,82314.88
4.6,54223.52
6.5,59116.32
6.0,58458.04
11.4,74239.68
7.2,61743.27
14.6,83842.21
8.0,64356.57
3.9,51354.79
12.4,77083.66
6.1,58782.84
11.6,74981.72
7.9,63391.75
3.5,50838.1
11.3,74180.11
1.5,44720.31
7.5,62115.88
1.3,44160.97
2.7,48264.55
11.3,74338.58
5.4,56170.9
12.2,76293.9
11.3,74138.11
2.5,47144.75
1.3,43834.84
9.5,68927.3
12.9,78547.12
11.1,72807.24
4.8,54677.62
4.9,54626.38
11.1,73357.11
2.5,47335.44
11.2,73613.43
6.8,60676.23
14.2,82797.96
9.7,69592.21
1.8,44935.73
8.9,67192.82
1.5,44642.28
8.3,65260.93
12.2,77098.61
2.9,48312.76
6.8,60138.04
14.0,82406.27
10.6,71477.56
5.0,55246.19
10.5,71802.77
12.3,76752.28
2.5,47613.03
13.5,80870.74
13.6,80541.12
1.6,44319.02
8.6,66137.75
12.9,78369.47
9.2,67351.12
8.0,64172.71
12.2,76566.17
14.1,82206.41
14.1,82413.21
2.3,46513.83
5.5,56441.02
13.9,81294.21
6.1,58396.48
10.1,69851.39
6.8,60327.32
11.8,75182.53
12.0,76136.37
1.0,42892.63
1.9,45295.8
6.3,58686.19
11.0,73402.21
4.4,53153.6
14.0,81813.57
5.8,57337.13
5.4,56554.93
5.7,57434.66
13.4,79934.61
9.3,67907.61
5.3,56016.4
15.0,84903.66
6.7,59612.76
2.2,46163.42
4.2,52724.1
2.3,46940.83
4.1,52113.36
6.6,60014.96
9.2,67116.27
5.3,55854.3
8.1,64411.0
2.9,48420.14
5.9,57729.42
9.3,67678.92
14.6,83957.96
9.8,69034.78
8.6,65496.85
8.5,65818.57
9.7,69133.2
6.3,58488.01
5.3,55819.37
10.1,70555.78
8.1,64659.02
8.3,64629.15
9.2,67336.81
8.8,66487.9
2.2,46488.17
9.8,68993.34
11.7,74962.13
5.2,55110.82
3.4,49845.64
11.1,72872.1
12.4,77398.36
6.8,60748.12
5.3,55817.04
2.9,48855.97
7.0,61201.64
4.8,54051.74
4.8,54878.49
7.3,62064.51
13.6,80479.64
4.4,52826.47
8.6,65375.94
14.8,84840.52
6.3,59339.83
7.7,63039.95
9.3,68383.82
3.1,49350.05
4.6,53843.36
13.2,79151.57
13.0,78995.75
1.2,43264.75
14.0,82137.33
